variable	mean_min_depth	no_of_nodes	mse_increase	node_purity_increase	no_of_trees	times_a_root	p_value
1	9.35774216529918	37975	0.0190446877882411	10.7767130678285	9762	15	0
100	12.7180177506504	21417	0.0112253767773552	6.8629433538422	8865	0	1.0204439704939e-45
101	15.8569149489694	8213	0.00266375948953677	6.99557061261907	5714	0	1
102	17.3883120672403	6662	0.00874092925578693	3.81420115804226	4916	0	1
103	24.0006282169302	50	-1.24880556157417e-07	0.00183711923904124	50	0	1
104	12.0568793275966	16801	0.00951623190677049	9.15410048270416	8174	0	1
105	12.8014364218531	20650	0.00799975505421284	6.6361033756954	8748	0	9.20251743805076e-19
107	9.54391038623174	27620	0.0112244044377879	8.65180315830015	9380	1	0
108	6.79107802681609	44440	0.0505511214288645	29.2347531323969	9911	0	0
109	19.3110203522113	4217	-0.000620765878325941	1.27868768910029	3485	0	1
11	20.9643286972183	2108	0.00169169621432281	3.05058891199798	1959	0	1
110	10.4537895937563	26955	0.0251401450369732	9.98121886868311	9332	0	0
111	7.50072605563338	48877	0.0799191609465446	22.7285312795993	9927	19	0
112	18.9288364818891	5627	0.000247550044029435	2.47484584246194	4381	0	1
113	14.5044636581949	11191	0.00233168013393478	4.73211670991092	6751	0	1
115	7.91529909945968	48496	0.0176882592994272	16.9760387950607	9922	0	0
119	5.90016085651391	47954	0.152143978301065	79.8594093378517	9928	464	0
12	8.14593261957174	48297	0.0174689148637565	14.9998297867147	9923	3	0
120	11.2233348409045	28433	0.015316665726413	9.12707830210457	9500	0	0
121	NA	0	0	0	0	0	1
122	6.7651316589954	33498	0.0583684703330988	29.3392690081889	9691	0	0
123	11.4084044626776	24042	0.0129470393864635	7.56929965232558	9097	0	4.28208588511248e-226
125	14.4348105663398	12770	0.00859961322666996	7.5260809247074	7206	0	1
127	10.8632005803482	20291	0.00848983610064956	7.61027180962368	8763	0	2.3761739469241e-10
129	18.2578482689614	7629	0.000524121355692065	1.70584974259011	5448	0	1
130	16.3901849309586	6908	0.00284308056304918	7.52911287236998	5107	0	1
133	13.9358699419652	11749	0.00125644487362648	4.76656988978355	6947	0	1
136	15.8994533720232	10888	0.000378272264997047	4.49481726437427	6699	0	1
137	9.47070508304983	35778	0.0193557166047023	13.7947345607068	9763	12	0
138	12.0458814488693	18628	0.0185821742506261	10.3167927799299	8522	0	0.999999995209417
139	12.2325344806884	15693	0.00212876990593018	5.69245511371791	7958	0	1
14	9.69579031418851	26042	0.0142529304190132	10.085969862575	9300	0	0
141	7.32038985391235	34153	0.0459700975125305	20.6180471882109	9727	0	0
142	13.5194711426856	15343	0.00339226395369063	8.42425686649667	7883	0	1
143	13.2253026215729	16803	0.000851794276856294	7.7543293338167	8190	0	1
145	9.53206381829098	28486	0.017859407271773	13.7521134518567	9491	0	0
146	7.75770660396238	45792	0.0303239104633871	16.8262937836352	9901	2	0
147	10.7599251951171	18654	0.0105883741897834	12.0757627798958	8560	0	0.999999985573799
148	5.12959439663798	59101	0.170243760131235	107.748806913278	9970	742	0
149	17.4167962977787	6253	-0.000692477467055039	3.09131279852435	4717	0	1
15	13.3825264758855	12508	0.00499866130703674	10.6140209066703	7258	0	1
151	6.51733189913948	57566	0.0333796918224487	25.8486697178256	9969	0	0
153	20.2721214128477	3475	-8.54842015059487e-05	1.02082293510302	2945	0	1
155	5.72917078246948	52387	0.209358899660066	128.434765457629	9946	1056	0
158	13.3215068240945	13643	0.0137701534963495	8.67625635744215	7522	0	1
159	15.5095293576146	13924	0.00442322341969576	3.05398027735163	7520	0	1
16	7.65674248549129	39496	0.0170243067127637	17.010750245346	9840	3	0
160	18.7034787672604	6447	0.000839561489329143	1.82392240389225	4756	0	1
161	3.55531580948569	60598	0.612360211761576	333.820397230786	9977	2663	0
162	18.1255411847108	4275	-0.00226957237360706	4.9160036149626	3643	0	1
165	13.9373619171503	14354	0.00207157685322816	6.79271204405137	7669	0	1
166	19.4379289373624	4951	8.72271720701593e-05	1.49505407132662	3931	0	1
167	20.6460501500901	2816	6.89477781531935e-05	1.81015163753132	2512	0	1
169	18.3201381428857	5963	0.00154440001236785	3.28710589724549	4573	0	1
17	20.9162819091455	2237	0.00346181442311442	3.17503791746589	2045	0	1
170	7.8348411046628	48231	0.0446900144391785	22.7903953995886	9924	75	0
171	17.3950922153292	8925	0.00754883011435017	3.16816566621078	5888	0	1
172	23.880258214929	174	5.48415034004383e-08	0.0256630571949767	173	0	1
173	22.2191545927557	1523	5.06270177613966e-05	0.362351277053214	1409	0	1
175	22.8953646988193	1027	0.000234896652588539	0.291990040306317	976	0	1
176	21.2693140684411	2502	0.000468710087090849	0.965794696812205	2226	0	1
177	5.96011420852512	49911	0.111293687840639	56.8811702299685	9945	320	0
179	7.41970364218531	35148	0.0294634753652963	24.8118271996565	9757	0	0
18	10.9370324594757	16807	0.000647974357426049	10.485713259227	8210	0	1
180	16.5658652591555	9783	0.0019760012191801	3.8946334173981	6285	0	1
181	22.2973126876126	1576	-0.000240799453390427	0.90294055708967	1489	0	1
185	9.46260634380628	22891	0.0250990694772152	15.1489881459626	9021	0	9.72978174784672e-131
187	6.7320988993396	49256	0.018878798676527	20.6270196018656	9920	0	0
19	13.9091935161097	16491	0.00270721090787223	6.64508350247177	8194	0	1
190	19.7416174904943	5084	8.91440859696611e-05	1.06548546244192	4012	0	1
195	17.9176702421453	4670	0.00758886393182879	7.65784786528259	3920	0	1
199	6.44314850910546	60557	0.0344740330633857	33.9061325229609	9977	89	0
2	5.64685615369222	58697	0.0888268591954445	57.686484694802	9980	295	0
20	16.2753842105263	10240	0.000332486107553134	4.09756094496206	6451	0	1
202	10.8987036621973	25044	0.00220128339389787	7.51910128233407	9240	0	0
21	12.2883896537923	16195	0.00293343168088147	6.76274908130992	8077	0	1
210	23.3978479087452	801	1.03184769430916e-05	0.064922151159482	774	0	1
212	16.8287489093456	6100	0.00433957460360823	5.98063729901078	4613	0	1
214	20.7923494496698	3371	0.000804091071825325	1.37401082593024	2880	0	1
216	9.71957674604763	25355	0.00552772302606753	7.16320618405757	9244	0	0
217	17.5088140684411	9031	0.000392154896195577	1.57398782571568	6021	0	1
22	8.52550658395037	32390	0.00555849511969195	11.832622846737	9646	0	0
222	14.8383616770062	12180	0.00661924561364899	4.51609333013034	7163	0	1
23	10.6022376625976	19803	0.0134657786746417	9.57925437776183	8682	0	0.00297204797432496
24	6.60612405443266	55414	0.0240300343861123	25.951197379177	9961	0	0
26	17.2116287772664	7562	-0.000868726851264953	2.80249514616737	5364	0	1
28	12.8862290774465	16815	0.010149444980207	9.70461491647214	8225	0	1
29	9.39922193315989	24200	0.0107045182020144	10.6635566145738	9154	0	4.31695162496613e-241
3	9.23530018010806	26735	0.0119873574610931	11.3496945757637	9344	3	0
30	13.1640819891935	11879	0.00382848395959062	12.1210683818106	7055	0	1
31	15.0763552331399	10501	0.000420766471676501	5.51756349737512	6597	0	1
33	15.9552602361417	12277	0.00387004499569391	3.10743547561423	7116	0	1
35	18.6953781268761	5166	0.000631928913226003	3.76046067089326	4179	0	1
36	3.33990394236542	65499	0.617150030245021	335.730185160788	9994	2631	0
37	21.3076676605964	1695	1.55057455536736e-05	2.78786744352657	1623	0	1
4	16.6922184110466	10325	0.00176411425062136	2.83053966653872	6516	0	1
40	9.60108431058635	27827	0.0142119484587327	9.33462832612211	9413	3	0
41	11.0986413648189	17527	0.0105632346418725	8.8934903039883	8331	0	1
42	7.19176407844707	35680	0.058729212533388	26.4124638681719	9737	0	0
43	6.17457410446268	47565	0.0866148481648006	56.6930744926741	9918	358	0
44	15.707924934961	12018	0.00117096262323309	2.7456602672161	7031	0	1
45	14.7541538322994	10862	0.0210789316466716	8.35020220359802	6825	0	1
46	10.9309652191315	18417	0.00423899784532093	10.6422438939402	8470	0	0.999999999999834
47	7.07844632779668	53275	0.0385688880309716	37.1925821028932	9953	206	0
48	8.88624024414649	29529	0.0140214109867821	11.6376641390927	9519	0	0
49	6.48210162097258	42197	0.0771071311345336	26.9190930336535	9868	5	0
5	8.11529183510106	36860	0.0168068925829257	12.3914481499765	9763	1	0
50	23.7980505703422	187	-1.22915854842029e-06	0.0204597437209476	185	0	1
51	15.7516156493896	11857	0.000146149985157983	2.94543381670357	6956	0	1
52	15.971955453272	9743	0.0046519645437402	5.36052883660938	6296	0	1
53	21.0223143085852	2299	0.00185668699369317	3.21956404586872	2072	0	1
54	15.9659929757855	10189	0.00154217946714049	2.57512561185014	6411	0	1
55	18.080877886732	4729	-0.00285997619211099	3.86093624915315	3918	0	1
56	11.8092825695417	7836	0.0237583983734845	37.939063403803	6044	0	1
57	16.3141229737843	7675	0.000951516350015341	5.50662350764326	5419	0	1
58	18.0889436862117	4350	-0.00171928975632975	3.98760147082304	3782	0	1
59	14.6782515509306	9731	0.0155893639992051	8.81537746391326	6384	0	1
6	8.68504794876926	29057	0.0163758074715134	14.7118754412815	9472	0	0
60	16.6579852311387	7225	-4.08300596925732e-05	2.11003613878787	5140	0	1
61	14.6794205723434	15232	0.00287329478283934	4.03221860323873	7872	0	1
62	13.1087855313188	14017	7.82718645709842e-05	5.72109016332274	7603	0	1
63	9.32781104662798	24625	0.0104093186453917	11.9067185348306	9168	0	1.16382658139814e-283
64	23.8626942165299	184	1.17586789340562e-07	0.0179150705755964	184	0	1
66	14.7556979787873	14296	0.00397522389504296	4.15443736931378	7598	0	1
67	16.2414116870122	10115	0.00190773718137459	3.95047025937423	6400	0	1
68	21.6036271162698	1682	-0.000250789090523033	1.31690509304413	1565	0	1
69	10.1052442265359	25061	0.0105540161844119	8.9904580756945	9216	0	0
7	6.93256143686212	40123	0.0373667046215799	18.7016307643099	9829	0	0
70	8.40120992595557	36495	0.00609130160451645	12.1691639187978	9774	0	0
71	19.2566538723234	4400	0.00164845668870412	1.68162583717941	3636	0	1
72	18.4433826696018	6753	-0.000406553344454879	2.16440929244243	4970	0	1
73	17.2713067440464	8632	0.000721878926131633	2.36172198940222	5808	0	1
74	6.87370404242546	52141	0.03934167361962	21.2479524365674	9957	25	0
76	11.1624684610766	17032	0.00952729928038656	10.9247467916492	8251	0	1
77	19.136769581749	4681	-0.000381735933931185	1.49793753717361	3762	0	1
79	17.6602608164899	6627	0.00592431921310234	4.58864930160509	5063	0	1
8	9.27300658395037	24097	0.0128676113254637	13.5870405887186	9121	0	2.90220194929541e-231
80	13.8013298979388	12740	0.00419751824754836	7.56727568393542	7309	0	1
81	12.8968758655193	12272	0.00812652181849842	16.1687013773043	7085	0	1
82	12.643488873324	16293	0.00438530043775334	4.98004165386062	8121	0	1
83	16.7980690214128	7925	0.000665774465600539	2.27842973759336	5531	0	1
84	6.07499079447669	53904	0.130770908656488	121.822025033489	9964	1009	0
85	23.2015037422453	832	1.86292060317652e-05	0.144733968116721	800	0	1
86	14.9805330798479	10362	0.00108132405618448	2.57820444758633	6528	0	1
87	10.3817993796278	21813	0.00348088217217344	8.10043860860681	8889	0	2.45912646743488e-64
88	8.44804980988593	35329	0.00635069137995743	13.5436221707194	9751	0	0
89	12.5447558335001	15276	0.00089831285458441	6.43731356852722	7951	0	1
9	19.026361136682	5915	0.000895194940726308	1.88753433353302	4532	0	1
90	11.7864474484691	19668	0.00023249356311237	11.9033933320556	8641	0	0.0371965466222062
92	20.2459241945167	4930	5.10203126286505e-05	0.883118700630791	3970	0	1
93	11.6730549529718	18022	0.0117908213012411	11.1558450305143	8502	0	1
94	23.6402755053032	326	-3.09087480919285e-06	0.0656691266557301	325	0	1
95	20.6367676205723	3894	-0.000180190645626814	0.89767187017162	3248	0	1
96	17.4853483089854	5840	0.00210627219093116	2.36481434247153	4509	0	1
97	18.6969308385031	7237	0.000449097791820119	1.22506616500521	5156	0	1
98	16.5892864318591	7223	0.00342864686438384	3.24403285354646	5193	0	1
99	21.7386400840504	1717	0.0007201599020876	0.630894613944685	1579	0	1
Counts	5.46165475285171	62948	0.050916554870746	35.4544224512788	9978	0	0
